{"cameraMode":{"drawMode":0,"name":"Shaded","section":"Shading Mode"},"sceneLighting":true,"audioPlay":false,"sceneViewState":{"m_AlwaysRefresh":false,"showFog":true,"showSkybox":true,"showFlares":true,"showImageEffects":true,"showParticleSystems":true,"showVisualEffectGraphs":true,"m_FxEnabled":true},"in2DMode":false,"pivot":{"x":-1.2006324529647828,"y":3.4521913528442385,"z":-5.927343845367432},"rotation":{"x":0.13789968192577363,"y":-0.1162821501493454,"z":0.016305366531014444,"w":0.9834703207015991},"size":0.8660253882408142,"orthographic":false}